{
  "frontend/vite.config.js": 1775379764.1491842,
  "frontend/eslint.config.js": 1775379734.5162914,
  "frontend/src/main.jsx": 1775379847.4764984,
  "frontend/src/App.jsx": 1775381304.6595144,
  "frontend/src/api.js": 1775379859.7893097,
  "frontend/src/pages/Landing.jsx": 1775381305.09333,
  "frontend/src/pages/Student.jsx": 1775380006.4523368,
  "frontend/src/pages/Professor.jsx": 1775379932.7748575,
  "backend/config.py": 1775684313.707833,
  "backend/models.py": 1775685571.76034,
  "backend/database.py": 1775683943.8189871,
  "backend/__init__.py": 1773931479.4237247,
  "backend/prompts.py": 1775685613.3163383,
  "backend/schemas.py": 1775518422.8235674,
  "backend/main.py": 1775684291.4860458,
  "backend/routers/submit.py": 1775685640.976149,
  "backend/routers/quiz.py": 1775684212.0193634,
  "backend/routers/style.py": 1775684457.4205832,
  "backend/routers/__init__.py": 1773931479.423774,
  "backend/routers/summary.py": 1775684222.296634,
  "backend/routers/context.py": 1775684449.278877,
  "backend/routers/classes.py": 1775684179.130694,
  "backend/routers/submissions.py": 1775684185.55046,
  "backend/routers/students.py": 1775684166.7417521,
  "backend/routers/analyze.py": 1775685660.1372275,
  "backend/services/result_cache.py": 1775684015.654471,
  "backend/services/student_store.py": 1775683972.1928377,
  "backend/services/__init__.py": 1773931479.4238257,
  "backend/services/llm.py": 1774377573.901439,
  "backend/services/extractor.py": 1775684435.5208623,
  "backend/services/style_analyzer.py": 1775518109.5145328,
  "backend/services/submission_cache.py": 1775684003.2864277,
  "backend/services/class_store.py": 1775686109.0455666,
  "backend/services/style_store.py": 1775685600.7296903,
  "backend/services/context_store.py": 1775683966.257952,
  "backend/services/submission_store.py": 1775683997.1731253,
  "frontend-student/vite.config.js": 1775682549.8477292,
  "frontend-student/src/main.jsx": 1775682587.8189754,
  "frontend-student/src/App.jsx": 1775683669.4119592,
  "frontend-student/src/api.js": 1775683779.275012,
  "frontend-student/src/pages/Dashboard.jsx": 1775683783.59058,
  "frontend-professor/vite.config.js": 1775682556.5966177,
  "frontend-professor/src/main.jsx": 1775682822.446943,
  "frontend-professor/src/App.jsx": 1775683655.9800541,
  "frontend-professor/src/api.js": 1775685775.6228204,
  "frontend-professor/src/pages/ClassDashboard.jsx": 1775685807.956694,
  "requirements.txt": 1775683923.9871027,
  "README.md": 1775685857.5256872,
  "CLAUDE.md": 1775685877.1126869,
  "frontend/README.md": 1775379734.51593,
  "frontend/public/icons.svg": 1775379734.5169632,
  "frontend/public/favicon.svg": 1775379734.5166802,
  "frontend/src/assets/hero.png": 1775379734.5175872,
  "frontend/src/assets/vite.svg": 1775379734.5179245,
  "public/flowchart.png": 1773874861.93851
}